id_sitio_web,url_sitio_web
39,https://www.PaginaDistribuidor.com.ar
43,https://www.construccionandina.pe
44,https://www.energiarenovable.cl
45,https://www.cafepremium.com.co
46,https://www.modacarioca.com.br
47,https://www.vinospatagonicos.com.ar
48,https://www.editorialpatagonia.com.ar
49,https://www.joyeriainca.pe
50,https://www.ganaderiapampa.com.uy
51,https://www.techhubmedellin.co
52,https://www.tecnologiaverde.com.ar
53,https://www.lacasadelmate.com.uy
54,https://www.maderasdelsur.cl
55,https://www.roboticaeducativa.com.ar
